Compound,Total_Occupancy (Mean ± SD),Rep,Total_Rep_Occupancy,ASH37_Occupancy,ASP224_Occupancy,Dyad_Total_Occupancy,Top_3_Interactions
14XS,38.00% ± 17.18%,1,56.07,0.6599999999999999,2.63,3.29,THR77 (19.09%) | TYR76 (15.68%) | THR318 (3.51%)
14XS,38.00% ± 17.18%,2,36.06,0.0,0.38,0.38,THR77 (16.50%) | TYR76 (5.43%) | SER40 (3.98%)
14XS,38.00% ± 17.18%,3,21.88,0.01,1.5,1.51,TYR76 (6.04%) | THR77 (5.94%) | ASP224 (1.50%)
32,5.22% ± 2.02%,1,6.89,0.0,0.0,0.0,GLN78 (2.92%) | TRP81 (1.43%) | TYR76 (0.74%)
32,5.22% ± 2.02%,2,5.79,0.45,0.0,0.45,TRP81 (0.99%) | GLN78 (0.69%) | GLY16 (0.64%)
32,5.22% ± 2.02%,3,2.97,0.09,0.01,0.09999999999999999,GLN78 (0.53%) | GLY226 (0.37%) | TRP81 (0.30%)
41,88.23% ± 28.53%,1,60.160000000000004,0.51,1.07,1.58,ARG133 (29.18%) | PRO75 (11.38%) | GLY39 (7.38%)
41,88.23% ± 28.53%,2,87.35,0.0,2.15,2.15,THR227 (60.36%) | ARG231 (19.20%) | ASP224 (2.15%)
41,88.23% ± 28.53%,3,117.19,31.41,46.86,78.27,ASP224 (46.86%) | ASH37 (31.41%) | TYR76 (13.95%)
73,29.03% ± 5.40%,1,22.79,0.12000000000000001,4.28,4.4,TRP81 (9.68%) | ASP224 (4.28%) | PHE113 (3.21%)
73,29.03% ± 5.40%,2,32.339999999999996,4.63,5.5,10.129999999999999,GLY226 (5.97%) | ASP224 (5.50%) | ASH37 (4.63%)
73,29.03% ± 5.40%,3,31.95,0.37,0.59,0.96,THR77 (9.87%) | TYR76 (4.23%) | LYS220 (2.81%)
96,38.85% ± 17.21%,1,19.23,0.15,0.0,0.15,TRP81 (5.98%) | THR227 (2.49%) | GLN78 (1.93%)
96,38.85% ± 17.21%,2,51.4,0.05,0.58,0.63,GLY16 (22.00%) | THR228 (8.34%) | GLN17 (6.96%)
96,38.85% ± 17.21%,3,45.93000000000001,0.02,0.0,0.02,GLY16 (19.87%) | GLY226 (7.85%) | TRP81 (5.12%)
